dayweek,weekdis
1,0.101694915254237
2,0.169491525423729
3,0.152542372881356
4,0.169491525423729
5,0.169491525423729
6,0.135593220338983
7,0.101694915254237
