month,monthdis
1,0.083333333333333
2,0.083333333333333
3,0.083333333333333
4,0.083333333333333
5,0.083333333333333
6,0.083333333333333
7,0.083333333333333
8,0.083333333333333
9,0.083333333333333
10,0.083333333333333
11,0.083333333333333
12,0.083333333333333
